{ 
    "_id" : ObjectId("5776f1a6c5f9a5d45712f67f"), 
    "title" : "War and Peace", 
    "year" : 1869.0, 
    "author" : {
        "firstname" : "Leo", 
        "lastname" : "Tolstoy"
    }
}
{ 
    "_id" : ObjectId("5776f1a6c5f9a5d45712f680"), 
    "title" : "The Hobbit", 
    "year" : 1937.0, 
    "author" : {
        "firstname" : "J.R.R.", 
        "lastname" : "Tolkien"
    }
}
{ 
    "_id" : ObjectId("5776f1a6c5f9a5d45712f681"), 
    "title" : "Alice in Wonderland", 
    "year" : 1865.0, 
    "author" : {
        "firstname" : "Lewis", 
        "lastname" : "Carroll"
    }
}
{ 
    "_id" : ObjectId("5776f1a6c5f9a5d45712f682"), 
    "title" : "Gone with the Wind", 
    "year" : 1936.0, 
    "author" : {
        "firstname" : "Margaret", 
        "lastname" : "Mitchell"
    }
}
{ 
    "_id" : ObjectId("5776f1a6c5f9a5d45712f683"), 
    "title" : "Heart of Darkness", 
    "year" : 1899.0, 
    "author" : {
        "firstname" : "Joseph", 
        "lastname" : "Conrad"
    }
}
{ 
    "_id" : ObjectId("5776f1a6c5f9a5d45712f684"), 
    "title" : "The Phantom Tollbooth", 
    "year" : 1961.0, 
    "author" : {
        "firstname" : "Norton", 
        "lastname" : "Juster"
    }
}
{ 
    "_id" : ObjectId("5776f1a6c5f9a5d45712f685"), 
    "title" : "Dracula", 
    "year" : 1897.0, 
    "author" : {
        "firstname" : "Bram", 
        "lastname" : "Stoker"
    }
}
{ 
    "_id" : ObjectId("5776f1a6c5f9a5d45712f686"), 
    "title" : "A Christmas Carol", 
    "year" : 1843.0, 
    "author" : {
        "firstname" : "Charles", 
        "lastname" : "Dickens"
    }
}
{ 
    "_id" : ObjectId("5776f1a6c5f9a5d45712f687"), 
    "title" : "East of Eden", 
    "year" : 1952.0, 
    "author" : {
        "firstname" : "John", 
        "lastname" : "Steinbeck"
    }
}
{ 
    "_id" : ObjectId("5776f1a6c5f9a5d45712f688"), 
    "title" : "For Whom the Bell Tolls", 
    "year" : 1940.0, 
    "author" : {
        "firstname" : "Earnest", 
        "lastname" : "Hemingway"
    }
}
{ 
    "_id" : ObjectId("5776f1a6c5f9a5d45712f689"), 
    "title" : "The Picture of Dorian Gray", 
    "year" : 1891.0, 
    "author" : {
        "firstname" : "Oscar", 
        "lastname" : "Wilde"
    }
}
{ 
    "_id" : ObjectId("5776f1a6c5f9a5d45712f68a"), 
    "title" : "Nineteen Eighty-Four", 
    "year" : 1949.0, 
    "author" : {
        "firstname" : "George", 
        "lastname" : "Orwell"
    }
}
{ 
    "_id" : ObjectId("5776f1a6c5f9a5d45712f68b"), 
    "title" : "Little Women", 
    "year" : 1868.0, 
    "author" : {
        "firstname" : "Louisa May", 
        "lastname" : "Alcott"
    }
}
{ 
    "_id" : ObjectId("5776f1a6c5f9a5d45712f68c"), 
    "title" : "Roots: The Sage of an American Family", 
    "year" : 1976.0, 
    "author" : {
        "firstname" : "Alex", 
        "lastname" : "Haley"
    }
}
{ 
    "_id" : ObjectId("5776f1a6c5f9a5d45712f68d"), 
    "title" : "The Three Musketeers", 
    "year" : 1844.0, 
    "author" : {
        "firstname" : "Alexandre", 
        "lastname" : "Dumas"
    }
}
{ 
    "_id" : ObjectId("5776f1a6c5f9a5d45712f68e"), 
    "title" : "Pride and Prejudice", 
    "year" : 1813.0, 
    "author" : {
        "firstname" : "Jane", 
        "lastname" : "Austen"
    }
}
{ 
    "_id" : ObjectId("5776f1a6c5f9a5d45712f68f"), 
    "title" : "The Art of War", 
    "author" : {
        "firstname" : "Sun", 
        "lastname" : "Tzu"
    }
}
{ 
    "_id" : ObjectId("5776f1a6c5f9a5d45712f690"), 
    "title" : "The Prince", 
    "year" : 1532.0, 
    "author" : {
        "firstname" : "Niccolo", 
        "lastname" : "Machiavelli"
    }
}
{ 
    "_id" : ObjectId("5776f1a6c5f9a5d45712f691"), 
    "title" : "Iliad", 
    "author" : "Homer"
}
{ 
    "_id" : ObjectId("5776f1a6c5f9a5d45712f692"), 
    "title" : "Mistborn", 
    "year" : 2006.0, 
    "author" : {
        "firstname" : "Brandon", 
        "lastname" : "Sanderson"
    }
}
{ 
    "_id" : ObjectId("5776f1a6c5f9a5d45712f693"), 
    "title" : "Don Quixote", 
    "year" : 1605.0, 
    "author" : {
        "firstname" : "Miguel", 
        "lastname" : "Cervantes"
    }
}
