{ 
    "_id" : ObjectId("5790a9b1e9c19b8160a5b013"), 
    "name" : "ACME"
}
{ 
    "_id" : ObjectId("5790a9b1e9c19b8160a5b014"), 
    "name" : "MEMU"
}
{ 
    "_id" : ObjectId("5790a9b1e9c19b8160a5b015"), 
    "name" : "ACND"
}
{ 
    "_id" : ObjectId("5790a9b1e9c19b8160a5b016"), 
    "name" : "Others1"
}
{ 
    "_id" : ObjectId("5790a9b1e9c19b8160a5b017"), 
    "name" : "Others2"
}
{ 
    "_id" : ObjectId("5790a9b1e9c19b8160a5b018"), 
    "name" : "DND"
}
{ 
    "_id" : ObjectId("5790a9b1e9c19b8160a5b019"), 
    "name" : "DP"
}
{ 
    "_id" : ObjectId("5790a9b1e9c19b8160a5b01a"), 
    "name" : "EMU"
}
{ 
    "_id" : ObjectId("5790a9b1e9c19b8160a5b01b"), 
    "name" : "DME"
}
{ 
    "_id" : ObjectId("5790a9b1e9c19b8160a5b01c"), 
    "name" : "DMU"
}
{ 
    "_id" : ObjectId("5790a9b1e9c19b8160a5b01d"), 
    "name" : "ACP"
}
