{ 
    "_id" : ObjectId("57909c59e9c19b8160a5afbe"), 
    "name" : "ADI"
}
{ 
    "_id" : ObjectId("57909c59e9c19b8160a5afbf"), 
    "name" : "ADRA"
}
{ 
    "_id" : ObjectId("57909c59e9c19b8160a5afc0"), 
    "name" : "AGRA"
}
{ 
    "_id" : ObjectId("57909c59e9c19b8160a5afc1"), 
    "name" : "AII"
}
{ 
    "_id" : ObjectId("57909c59e9c19b8160a5afc2"), 
    "name" : "ALD"
}
{ 
    "_id" : ObjectId("57909c59e9c19b8160a5afc3"), 
    "name" : "APDJ"
}
{ 
    "_id" : ObjectId("57909c59e9c19b8160a5afc4"), 
    "name" : "ASN"
}
{ 
    "_id" : ObjectId("57909c59e9c19b8160a5afc5"), 
    "name" : "BB"
}
{ 
    "_id" : ObjectId("57909c59e9c19b8160a5afc6"), 
    "name" : "BCT"
}
{ 
    "_id" : ObjectId("57909c59e9c19b8160a5afc7"), 
    "name" : "BKN"
}
{ 
    "_id" : ObjectId("57909c59e9c19b8160a5afc8"), 
    "name" : "BPL"
}
{ 
    "_id" : ObjectId("57909c59e9c19b8160a5afc9"), 
    "name" : "BRC"
}
{ 
    "_id" : ObjectId("57909c59e9c19b8160a5afca"), 
    "name" : "BSB"
}
{ 
    "_id" : ObjectId("57909c59e9c19b8160a5afcb"), 
    "name" : "BSL"
}
{ 
    "_id" : ObjectId("57909c59e9c19b8160a5afcc"), 
    "name" : "BSP"
}
{ 
    "_id" : ObjectId("57909c59e9c19b8160a5afcd"), 
    "name" : "BVC"
}
{ 
    "_id" : ObjectId("57909c59e9c19b8160a5afce"), 
    "name" : "BZA"
}
{ 
    "_id" : ObjectId("57909c59e9c19b8160a5afcf"), 
    "name" : "CKP"
}
{ 
    "_id" : ObjectId("57909c59e9c19b8160a5afd0"), 
    "name" : "DHN"
}
{ 
    "_id" : ObjectId("57909c59e9c19b8160a5afd1"), 
    "name" : "DLI"
}
{ 
    "_id" : ObjectId("57909c59e9c19b8160a5afd2"), 
    "name" : "DNR"
}
{ 
    "_id" : ObjectId("57909c59e9c19b8160a5afd3"), 
    "name" : "FZR"
}
{ 
    "_id" : ObjectId("57909c59e9c19b8160a5afd4"), 
    "name" : "GNT"
}
{ 
    "_id" : ObjectId("57909c59e9c19b8160a5afd5"), 
    "name" : "GTL"
}
{ 
    "_id" : ObjectId("57909c59e9c19b8160a5afd6"), 
    "name" : "HWH"
}
{ 
    "_id" : ObjectId("57909c59e9c19b8160a5afd7"), 
    "name" : "HYB"
}
{ 
    "_id" : ObjectId("57909c59e9c19b8160a5afd8"), 
    "name" : "IZN"
}
{ 
    "_id" : ObjectId("57909c59e9c19b8160a5afd9"), 
    "name" : "JBP"
}
{ 
    "_id" : ObjectId("57909c59e9c19b8160a5afda"), 
    "name" : "JHS"
}
{ 
    "_id" : ObjectId("57909c59e9c19b8160a5afdb"), 
    "name" : "JP"
}
{ 
    "_id" : ObjectId("57909c59e9c19b8160a5afdc"), 
    "name" : "JU"
}
{ 
    "_id" : ObjectId("57909c59e9c19b8160a5afdd"), 
    "name" : "KAWR"
}
{ 
    "_id" : ObjectId("57909c59e9c19b8160a5afde"), 
    "name" : "KGP"
}
{ 
    "_id" : ObjectId("57909c59e9c19b8160a5afdf"), 
    "name" : "KIR"
}
{ 
    "_id" : ObjectId("57909c59e9c19b8160a5afe0"), 
    "name" : "KOTA"
}
{ 
    "_id" : ObjectId("57909c59e9c19b8160a5afe1"), 
    "name" : "KUR"
}
{ 
    "_id" : ObjectId("57909c59e9c19b8160a5afe2"), 
    "name" : "LJN"
}
{ 
    "_id" : ObjectId("57909c59e9c19b8160a5afe3"), 
    "name" : "LKO"
}
{ 
    "_id" : ObjectId("57909c59e9c19b8160a5afe4"), 
    "name" : "LMG"
}
{ 
    "_id" : ObjectId("57909c59e9c19b8160a5afe5"), 
    "name" : "MAS"
}
{ 
    "_id" : ObjectId("57909c59e9c19b8160a5afe6"), 
    "name" : "MB"
}
{ 
    "_id" : ObjectId("57909c59e9c19b8160a5afe7"), 
    "name" : "MDU"
}
{ 
    "_id" : ObjectId("57909c59e9c19b8160a5afe8"), 
    "name" : "MGS"
}
{ 
    "_id" : ObjectId("57909c59e9c19b8160a5afe9"), 
    "name" : "MLDT"
}
{ 
    "_id" : ObjectId("57909c59e9c19b8160a5afea"), 
    "name" : "MYS"
}
{ 
    "_id" : ObjectId("57909c59e9c19b8160a5afeb"), 
    "name" : "NAG"
}
{ 
    "_id" : ObjectId("57909c59e9c19b8160a5afec"), 
    "name" : "NED"
}
{ 
    "_id" : ObjectId("57909c59e9c19b8160a5afed"), 
    "name" : "NGP"
}
{ 
    "_id" : ObjectId("57909c59e9c19b8160a5afee"), 
    "name" : "PGT"
}
{ 
    "_id" : ObjectId("57909c59e9c19b8160a5afef"), 
    "name" : "PUNE"
}
{ 
    "_id" : ObjectId("57909c59e9c19b8160a5aff0"), 
    "name" : "R"
}
{ 
    "_id" : ObjectId("57909c59e9c19b8160a5aff1"), 
    "name" : "RJT"
}
{ 
    "_id" : ObjectId("57909c59e9c19b8160a5aff2"), 
    "name" : "RN"
}
{ 
    "_id" : ObjectId("57909c59e9c19b8160a5aff3"), 
    "name" : "RNC"
}
{ 
    "_id" : ObjectId("57909c59e9c19b8160a5aff4"), 
    "name" : "RNY"
}
{ 
    "_id" : ObjectId("57909c59e9c19b8160a5aff5"), 
    "name" : "RTM"
}
{ 
    "_id" : ObjectId("57909c59e9c19b8160a5aff6"), 
    "name" : "SA"
}
{ 
    "_id" : ObjectId("57909c59e9c19b8160a5aff7"), 
    "name" : "SBC"
}
{ 
    "_id" : ObjectId("57909c59e9c19b8160a5aff8"), 
    "name" : "SBP"
}
{ 
    "_id" : ObjectId("57909c59e9c19b8160a5aff9"), 
    "name" : "SC"
}
{ 
    "_id" : ObjectId("57909c59e9c19b8160a5affa"), 
    "name" : "SDAH"
}
{ 
    "_id" : ObjectId("57909c59e9c19b8160a5affb"), 
    "name" : "SEE"
}
{ 
    "_id" : ObjectId("57909c59e9c19b8160a5affc"), 
    "name" : "SPJ"
}
{ 
    "_id" : ObjectId("57909c59e9c19b8160a5affd"), 
    "name" : "SUR"
}
{ 
    "_id" : ObjectId("57909c59e9c19b8160a5affe"), 
    "name" : "TPJ"
}
{ 
    "_id" : ObjectId("57909c59e9c19b8160a5afff"), 
    "name" : "TVC"
}
{ 
    "_id" : ObjectId("57909c59e9c19b8160a5b000"), 
    "name" : "UBL"
}
{ 
    "_id" : ObjectId("57909c59e9c19b8160a5b001"), 
    "name" : "UMB"
}
{ 
    "_id" : ObjectId("57909c59e9c19b8160a5b002"), 
    "name" : "WAT"
}
