{ 
    "_id" : ObjectId("57343c89da1cd16c20a67bf6"), 
    "planName" : "Plan1", 
    "owner" : "santosh", 
    "createdTime" : ISODate("2016-05-12T08:19:21.559+0000"), 
    "markDelete" : false, 
    "isLinkGenerated" : false, 
    "coPlanners" : [
        "c4 c4"
    ], 
    "isLocked" : false, 
    "isUnderReview" : false, 
    "isComplete" : false, 
    "__v" : NumberInt(0), 
    "reviewer" : "c7"
}
{ 
    "_id" : ObjectId("57343c8eda1cd16c20a67bf8"), 
    "planName" : "Plan2", 
    "owner" : "santosh", 
    "createdTime" : ISODate("2016-05-12T08:19:26.415+0000"), 
    "markDelete" : false, 
    "isLinkGenerated" : false, 
    "coPlanners" : [
        "Anurag Sharma", 
        "santosh sahu", 
        "laxman sharma"
    ], 
    "isLocked" : false, 
    "isUnderReview" : true, 
    "isComplete" : false, 
    "__v" : NumberInt(0), 
    "reviewer" : "c6"
}
{ 
    "_id" : ObjectId("57343c91da1cd16c20a67bf9"), 
    "planName" : "Plan3", 
    "owner" : "santosh", 
    "createdTime" : ISODate("2016-05-12T08:19:29.274+0000"), 
    "markDelete" : false, 
    "isLinkGenerated" : false, 
    "coPlanners" : [
        "Anurag Sharma", 
        "santosh sahu", 
        "vivek yadav", 
        "laxman sharma"
    ], 
    "isLocked" : false, 
    "isUnderReview" : false, 
    "isComplete" : false, 
    "__v" : NumberInt(0), 
    "reviewer" : "c7"
}
{ 
    "_id" : ObjectId("57343c94da1cd16c20a67bfa"), 
    "planName" : "Plan4", 
    "owner" : "santosh", 
    "createdTime" : ISODate("2016-05-12T08:19:32.030+0000"), 
    "markDelete" : false, 
    "isLinkGenerated" : false, 
    "coPlanners" : [
        "vivek yadav", 
        "Anurag Sharma"
    ], 
    "isLocked" : false, 
    "isUnderReview" : false, 
    "isComplete" : false, 
    "__v" : NumberInt(0), 
    "reviewer" : "c7"
}
{ 
    "_id" : ObjectId("57343c96da1cd16c20a67bfb"), 
    "planName" : "Plan5", 
    "owner" : "santosh", 
    "createdTime" : ISODate("2016-05-12T08:19:34.546+0000"), 
    "markDelete" : false, 
    "isLinkGenerated" : false, 
    "coPlanners" : [
        "Anurag Sharma", 
        "santosh sahu", 
        "laxman sharma", 
        "vivek yadav"
    ], 
    "isLocked" : false, 
    "isUnderReview" : false, 
    "isComplete" : false, 
    "__v" : NumberInt(0), 
    "reviewer" : "c4"
}
{ 
    "_id" : ObjectId("57343c98da1cd16c20a67bfc"), 
    "planName" : "Plan6", 
    "owner" : "santosh", 
    "createdTime" : ISODate("2016-05-12T08:19:36.989+0000"), 
    "markDelete" : false, 
    "isLinkGenerated" : false, 
    "coPlanners" : [
        "santosh sahu"
    ], 
    "isLocked" : false, 
    "isUnderReview" : true, 
    "isComplete" : false, 
    "__v" : NumberInt(0), 
    "reviewer" : "anurag"
}
{ 
    "_id" : ObjectId("57343c9bda1cd16c20a67bfd"), 
    "planName" : "Plan7", 
    "owner" : "santosh", 
    "createdTime" : ISODate("2016-05-12T08:19:39.845+0000"), 
    "markDelete" : false, 
    "isLinkGenerated" : false, 
    "coPlanners" : [

    ], 
    "isLocked" : false, 
    "isUnderReview" : false, 
    "isComplete" : false, 
    "__v" : NumberInt(0), 
    "reviewer" : "c3"
}
{ 
    "_id" : ObjectId("57343c9eda1cd16c20a67bfe"), 
    "planName" : "Plan8", 
    "owner" : "santosh", 
    "createdTime" : ISODate("2016-05-12T08:19:42.400+0000"), 
    "markDelete" : false, 
    "isLinkGenerated" : false, 
    "coPlanners" : [

    ], 
    "isLocked" : false, 
    "isUnderReview" : false, 
    "isComplete" : false, 
    "__v" : NumberInt(0), 
    "reviewer" : "c7"
}
{ 
    "_id" : ObjectId("57343ca1da1cd16c20a67bff"), 
    "planName" : "Plan9", 
    "owner" : "santosh", 
    "createdTime" : ISODate("2016-05-12T08:19:45.564+0000"), 
    "markDelete" : false, 
    "isLinkGenerated" : false, 
    "coPlanners" : [

    ], 
    "isLocked" : false, 
    "isUnderReview" : false, 
    "isComplete" : false, 
    "__v" : NumberInt(0), 
    "reviewer" : "anurag"
}
{ 
    "_id" : ObjectId("57343ca4da1cd16c20a67c00"), 
    "planName" : "Plan10", 
    "owner" : "santosh", 
    "createdTime" : ISODate("2016-05-12T08:19:48.077+0000"), 
    "markDelete" : false, 
    "isLinkGenerated" : false, 
    "coPlanners" : [
        "Anurag Sharma", 
        "santosh sahu", 
        "vivek yadav", 
        "c2 c2"
    ], 
    "isLocked" : false, 
    "isUnderReview" : false, 
    "isComplete" : false, 
    "__v" : NumberInt(0), 
    "reviewer" : "c7"
}
{ 
    "_id" : ObjectId("57343ca6da1cd16c20a67c01"), 
    "planName" : "Plan11", 
    "owner" : "santosh", 
    "createdTime" : ISODate("2016-05-12T08:19:50.708+0000"), 
    "markDelete" : false, 
    "isLinkGenerated" : false, 
    "coPlanners" : [

    ], 
    "isLocked" : false, 
    "isUnderReview" : false, 
    "isComplete" : false, 
    "__v" : NumberInt(0), 
    "reviewer" : "c7"
}
{ 
    "_id" : ObjectId("57343ca9da1cd16c20a67c02"), 
    "planName" : "Plan12", 
    "owner" : "santosh", 
    "createdTime" : ISODate("2016-05-12T08:19:53.035+0000"), 
    "markDelete" : false, 
    "isLinkGenerated" : false, 
    "coPlanners" : [

    ], 
    "isLocked" : false, 
    "isUnderReview" : false, 
    "isComplete" : false, 
    "__v" : NumberInt(0), 
    "reviewer" : "c7"
}
{ 
    "_id" : ObjectId("57343cacda1cd16c20a67c03"), 
    "planName" : "Plan13", 
    "owner" : "santosh", 
    "createdTime" : ISODate("2016-05-12T08:19:56.078+0000"), 
    "markDelete" : false, 
    "isLinkGenerated" : false, 
    "coPlanners" : [

    ], 
    "isLocked" : false, 
    "isUnderReview" : false, 
    "isComplete" : false, 
    "__v" : NumberInt(0), 
    "reviewer" : "c7"
}
{ 
    "_id" : ObjectId("57343caeda1cd16c20a67c04"), 
    "planName" : "Plan14", 
    "owner" : "santosh", 
    "createdTime" : ISODate("2016-05-12T08:19:58.609+0000"), 
    "markDelete" : false, 
    "isLinkGenerated" : false, 
    "coPlanners" : [

    ], 
    "isLocked" : false, 
    "isUnderReview" : false, 
    "isComplete" : false, 
    "__v" : NumberInt(0), 
    "reviewer" : "c7"
}
{ 
    "_id" : ObjectId("57343cb0da1cd16c20a67c05"), 
    "planName" : "Plan15", 
    "owner" : "santosh", 
    "createdTime" : ISODate("2016-05-12T08:20:00.922+0000"), 
    "markDelete" : false, 
    "isLinkGenerated" : false, 
    "coPlanners" : [

    ], 
    "isLocked" : false, 
    "isUnderReview" : false, 
    "isComplete" : false, 
    "__v" : NumberInt(0), 
    "reviewer" : "c7"
}
{ 
    "_id" : ObjectId("57343cb3da1cd16c20a67c06"), 
    "planName" : "Plan16", 
    "owner" : "santosh", 
    "createdTime" : ISODate("2016-05-12T08:20:03.213+0000"), 
    "markDelete" : false, 
    "isLinkGenerated" : false, 
    "coPlanners" : [

    ], 
    "isLocked" : false, 
    "isUnderReview" : false, 
    "isComplete" : false, 
    "__v" : NumberInt(0), 
    "reviewer" : "c7"
}
{ 
    "_id" : ObjectId("57343cb5da1cd16c20a67c07"), 
    "planName" : "Plan17", 
    "owner" : "santosh", 
    "createdTime" : ISODate("2016-05-12T08:20:05.722+0000"), 
    "markDelete" : false, 
    "isLinkGenerated" : false, 
    "coPlanners" : [

    ], 
    "isLocked" : false, 
    "isUnderReview" : false, 
    "isComplete" : false, 
    "__v" : NumberInt(0), 
    "reviewer" : "c7"
}
{ 
    "_id" : ObjectId("57343cb8da1cd16c20a67c08"), 
    "planName" : "Plan18", 
    "owner" : "santosh", 
    "createdTime" : ISODate("2016-05-12T08:20:08.562+0000"), 
    "markDelete" : false, 
    "isLinkGenerated" : false, 
    "coPlanners" : [

    ], 
    "isLocked" : false, 
    "isUnderReview" : false, 
    "isComplete" : false, 
    "__v" : NumberInt(0), 
    "reviewer" : "c7"
}
{ 
    "_id" : ObjectId("57343cbbda1cd16c20a67c09"), 
    "planName" : "Plan19", 
    "owner" : "santosh", 
    "createdTime" : ISODate("2016-05-12T08:20:11.579+0000"), 
    "markDelete" : false, 
    "isLinkGenerated" : false, 
    "coPlanners" : [

    ], 
    "isLocked" : false, 
    "isUnderReview" : false, 
    "isComplete" : false, 
    "__v" : NumberInt(0), 
    "reviewer" : "c7"
}
{ 
    "_id" : ObjectId("573446208b24a28c1cbe59f3"), 
    "planName" : "Plan20", 
    "owner" : "anurag", 
    "createdTime" : ISODate("2016-05-12T09:00:16.427+0000"), 
    "markDelete" : false, 
    "isLinkGenerated" : false, 
    "coPlanners" : [

    ], 
    "isLocked" : false, 
    "isUnderReview" : false, 
    "isComplete" : false, 
    "__v" : NumberInt(0), 
    "reviewer" : "c7"
}
{ 
    "_id" : ObjectId("57344df967348ea01467aa01"), 
    "planName" : "Plan21", 
    "owner" : "anurag", 
    "createdTime" : ISODate("2016-05-12T09:33:45.817+0000"), 
    "markDelete" : false, 
    "isLinkGenerated" : false, 
    "coPlanners" : [

    ], 
    "isLocked" : false, 
    "isUnderReview" : false, 
    "isComplete" : false, 
    "__v" : NumberInt(0), 
    "reviewer" : "c7"
}
{ 
    "_id" : ObjectId("57344e6b67348ea01467aa02"), 
    "planName" : "Plan22", 
    "owner" : "anurag", 
    "createdTime" : ISODate("2016-05-12T09:35:39.187+0000"), 
    "markDelete" : false, 
    "isLinkGenerated" : false, 
    "coPlanners" : [

    ], 
    "isLocked" : false, 
    "isUnderReview" : false, 
    "isComplete" : false, 
    "__v" : NumberInt(0), 
    "reviewer" : "c7"
}
{ 
    "_id" : ObjectId("5734514167348ea01467aa03"), 
    "planName" : "Plan23", 
    "owner" : "anurag", 
    "createdTime" : ISODate("2016-05-12T09:47:45.405+0000"), 
    "markDelete" : false, 
    "isLinkGenerated" : false, 
    "coPlanners" : [

    ], 
    "isLocked" : false, 
    "isUnderReview" : false, 
    "isComplete" : false, 
    "__v" : NumberInt(0), 
    "reviewer" : "c7"
}
{ 
    "_id" : ObjectId("5734518267348ea01467aa04"), 
    "planName" : "Plan24", 
    "owner" : "anurag", 
    "createdTime" : ISODate("2016-05-12T09:48:50.972+0000"), 
    "markDelete" : false, 
    "isLinkGenerated" : false, 
    "coPlanners" : [

    ], 
    "isLocked" : false, 
    "isUnderReview" : false, 
    "isComplete" : false, 
    "__v" : NumberInt(0), 
    "reviewer" : "c7"
}
{ 
    "_id" : ObjectId("5739886a534798d814016d74"), 
    "planName" : "plan25", 
    "owner" : "anurag", 
    "createdTime" : ISODate("2016-05-16T08:44:26.588+0000"), 
    "markDelete" : false, 
    "isLinkGenerated" : false, 
    "coPlanners" : [
        "Anurag Sharma", 
        "santosh sahu", 
        "vivek yadav"
    ], 
    "isLocked" : false, 
    "isUnderReview" : false, 
    "isComplete" : false, 
    "__v" : NumberInt(0), 
    "reviewer" : "c7"
}
{ 
    "_id" : ObjectId("573af51435d23c4c06d03def"), 
    "owner" : "anurag", 
    "createdTime" : ISODate("2016-05-17T10:40:20.886+0000"), 
    "markDelete" : true, 
    "isLinkGenerated" : false, 
    "coPlanners" : [

    ], 
    "isLocked" : false, 
    "isUnderReview" : false, 
    "isComplete" : false, 
    "__v" : NumberInt(0), 
    "planName" : "Plan26", 
    "reviewer" : "c7"
}
{ 
    "_id" : ObjectId("577f049c66ee23b414fd3899"), 
    "planName" : "Plan27", 
    "createdTime" : ISODate("2016-07-08T01:40:44.313+0000"), 
    "markDelete" : false, 
    "isLinkGenerated" : false, 
    "coPlanners" : [

    ], 
    "isLocked" : false, 
    "isUnderReview" : false, 
    "isComplete" : false, 
    "__v" : NumberInt(0), 
    "owner" : "santosh", 
    "reviewer" : "c7"
}
{ 
    "_id" : ObjectId("577f04f2ced23d4824db43a4"), 
    "planName" : "Plan28", 
    "owner" : "santosh", 
    "createdTime" : ISODate("2016-07-08T01:42:10.023+0000"), 
    "markDelete" : false, 
    "isLinkGenerated" : false, 
    "coPlanners" : [

    ], 
    "isLocked" : false, 
    "isUnderReview" : false, 
    "isComplete" : false, 
    "__v" : NumberInt(0), 
    "reviewer" : "c7"
}
{ 
    "_id" : ObjectId("577f0544ced23d4824db43a5"), 
    "planName" : "Plan29", 
    "owner" : "santosh", 
    "createdTime" : ISODate("2016-07-08T01:43:32.636+0000"), 
    "markDelete" : false, 
    "isLinkGenerated" : false, 
    "coPlanners" : [

    ], 
    "isLocked" : false, 
    "isUnderReview" : false, 
    "isComplete" : false, 
    "__v" : NumberInt(0), 
    "reviewer" : "c7"
}
{ 
    "_id" : ObjectId("577f1d28d61128140d073bd9"), 
    "planName" : "Plan30", 
    "owner" : "santosh", 
    "createdTime" : ISODate("2016-07-08T03:25:28.332+0000"), 
    "markDelete" : false, 
    "isLinkGenerated" : false, 
    "coPlanners" : [

    ], 
    "isLocked" : false, 
    "isUnderReview" : false, 
    "isComplete" : false, 
    "__v" : NumberInt(0), 
    "reviewer" : "c7"
}
{ 
    "_id" : ObjectId("577f1d7fd61128140d073bda"), 
    "planName" : "Plan31", 
    "owner" : "santosh", 
    "createdTime" : ISODate("2016-07-08T03:26:55.569+0000"), 
    "markDelete" : false, 
    "isLinkGenerated" : false, 
    "coPlanners" : [

    ], 
    "isLocked" : false, 
    "isUnderReview" : false, 
    "isComplete" : false, 
    "__v" : NumberInt(0), 
    "reviewer" : "c7"
}
{ 
    "_id" : ObjectId("577f35245f97ec1414ac9062"), 
    "planName" : "Plan300", 
    "owner" : "santosh", 
    "createdTime" : ISODate("2016-07-08T05:07:48.776+0000"), 
    "markDelete" : false, 
    "isLinkGenerated" : false, 
    "coPlanners" : [

    ], 
    "isLocked" : false, 
    "isUnderReview" : false, 
    "isComplete" : false, 
    "__v" : NumberInt(0), 
    "reviewer" : "c7"
}
{ 
    "_id" : ObjectId("577f3609f558bcb0157efa42"), 
    "planName" : "Plan33", 
    "owner" : "santosh", 
    "createdTime" : ISODate("2016-07-08T05:11:37.164+0000"), 
    "markDelete" : false, 
    "isLinkGenerated" : false, 
    "coPlanners" : [

    ], 
    "isLocked" : false, 
    "isUnderReview" : false, 
    "isComplete" : false, 
    "__v" : NumberInt(0), 
    "reviewer" : "c7"
}
{ 
    "_id" : ObjectId("577f38ffa6cb385c1e7a1033"), 
    "planName" : "Plan34", 
    "owner" : "santosh", 
    "createdTime" : ISODate("2016-07-08T05:24:15.832+0000"), 
    "markDelete" : false, 
    "isLinkGenerated" : false, 
    "coPlanners" : [

    ], 
    "isLocked" : false, 
    "isUnderReview" : false, 
    "isComplete" : false, 
    "__v" : NumberInt(0), 
    "reviewer" : "c7"
}
{ 
    "_id" : ObjectId("577f3af10ce730a821f4ff0f"), 
    "planName" : "Plan35", 
    "owner" : "santosh", 
    "createdTime" : ISODate("2016-07-08T05:32:33.305+0000"), 
    "markDelete" : false, 
    "isLinkGenerated" : false, 
    "coPlanners" : [

    ], 
    "isLocked" : false, 
    "isUnderReview" : false, 
    "isComplete" : false, 
    "__v" : NumberInt(0), 
    "reviewer" : "c7"
}
{ 
    "_id" : ObjectId("577f3b2e0ce730a821f4ff11"), 
    "planName" : "Plan36", 
    "owner" : "santosh", 
    "createdTime" : ISODate("2016-07-08T05:33:34.505+0000"), 
    "markDelete" : false, 
    "isLinkGenerated" : false, 
    "coPlanners" : [

    ], 
    "isLocked" : false, 
    "isUnderReview" : false, 
    "isComplete" : false, 
    "__v" : NumberInt(0), 
    "reviewer" : "c7"
}
{ 
    "_id" : ObjectId("577f3cd318eab78421081382"), 
    "planName" : "Plan37", 
    "owner" : "santosh", 
    "createdTime" : ISODate("2016-07-08T05:40:35.560+0000"), 
    "markDelete" : false, 
    "isLinkGenerated" : false, 
    "coPlanners" : [

    ], 
    "isLocked" : false, 
    "isUnderReview" : false, 
    "isComplete" : false, 
    "__v" : NumberInt(0), 
    "reviewer" : "c7"
}
{ 
    "_id" : ObjectId("577f3d3b18eab78421081384"), 
    "planName" : "Plan39", 
    "owner" : "santosh", 
    "createdTime" : ISODate("2016-07-08T05:42:19.428+0000"), 
    "markDelete" : false, 
    "isLinkGenerated" : false, 
    "coPlanners" : [

    ], 
    "isLocked" : false, 
    "isUnderReview" : false, 
    "isComplete" : false, 
    "__v" : NumberInt(0), 
    "reviewer" : "c7"
}
{ 
    "_id" : ObjectId("577f3d7418eab78421081386"), 
    "planName" : "Plan40", 
    "owner" : "santosh", 
    "createdTime" : ISODate("2016-07-08T05:43:16.085+0000"), 
    "markDelete" : false, 
    "isLinkGenerated" : false, 
    "coPlanners" : [

    ], 
    "isLocked" : false, 
    "isUnderReview" : false, 
    "isComplete" : false, 
    "__v" : NumberInt(0), 
    "reviewer" : "c7"
}
{ 
    "_id" : ObjectId("577f3dc118eab7842108138a"), 
    "planName" : "Plan45", 
    "owner" : "santosh", 
    "createdTime" : ISODate("2016-07-08T05:44:33.421+0000"), 
    "markDelete" : false, 
    "isLinkGenerated" : false, 
    "coPlanners" : [

    ], 
    "isLocked" : false, 
    "isUnderReview" : false, 
    "isComplete" : false, 
    "__v" : NumberInt(0), 
    "reviewer" : "c7"
}
{ 
    "_id" : ObjectId("577f3e4aa885cee02460c449"), 
    "planName" : "Plan50", 
    "owner" : "santosh", 
    "createdTime" : ISODate("2016-07-08T05:46:50.599+0000"), 
    "markDelete" : false, 
    "isLinkGenerated" : false, 
    "coPlanners" : [

    ], 
    "isLocked" : false, 
    "isUnderReview" : false, 
    "isComplete" : false, 
    "__v" : NumberInt(0), 
    "reviewer" : "c7"
}
{ 
    "_id" : ObjectId("57800879ade6a64c184d0d6a"), 
    "planName" : "Plan90", 
    "owner" : "santosh", 
    "createdTime" : ISODate("2016-07-08T20:09:29.026+0000"), 
    "markDelete" : false, 
    "isLinkGenerated" : false, 
    "coPlanners" : [

    ], 
    "isLocked" : false, 
    "isUnderReview" : false, 
    "isComplete" : false, 
    "__v" : NumberInt(0), 
    "reviewer" : "c7"
}
{ 
    "_id" : ObjectId("57800ac5a1bff6d419963daf"), 
    "planName" : "Plan00", 
    "owner" : "santosh", 
    "createdTime" : ISODate("2016-07-08T20:19:17.065+0000"), 
    "markDelete" : false, 
    "isLinkGenerated" : false, 
    "coPlanners" : [

    ], 
    "isLocked" : false, 
    "isUnderReview" : false, 
    "isComplete" : false, 
    "__v" : NumberInt(0), 
    "reviewer" : "c7"
}
{ 
    "_id" : ObjectId("57800e85a1bff6d419963db1"), 
    "planName" : "plan9", 
    "owner" : "santosh", 
    "createdTime" : ISODate("2016-07-08T20:35:17.909+0000"), 
    "markDelete" : false, 
    "isLinkGenerated" : false, 
    "coPlanners" : [

    ], 
    "isLocked" : false, 
    "isUnderReview" : false, 
    "isComplete" : false, 
    "__v" : NumberInt(0), 
    "reviewer" : "c7"
}
{ 
    "_id" : ObjectId("5784416ed68c8e9c0e75daf0"), 
    "planName" : "ddddddd", 
    "owner" : "santosh", 
    "createdTime" : ISODate("2016-07-12T01:01:34.072+0000"), 
    "markDelete" : false, 
    "isLinkGenerated" : false, 
    "coPlanners" : [

    ], 
    "isLocked" : false, 
    "isUnderReview" : false, 
    "isComplete" : false, 
    "__v" : NumberInt(0), 
    "reviewer" : "c7"
}
