{ 
    "_id" : ObjectId("571da188d4367766261acf36"), 
    "createdTime" : ISODate("2016-04-25T04:48:08.804+0000"), 
    "privilegeCode" : "Other", 
    "roleDescription" : "Only View Privilege", 
    "roleCode" : "admin", 
    "__v" : NumberInt(0)
}
{ 
    "_id" : ObjectId("571da188d4367766261acf37"), 
    "createdTime" : ISODate("2016-04-25T04:48:08.804+0000"), 
    "privilegeCode" : "Other", 
    "roleDescription" : "Only View Privilege", 
    "roleCode" : "super", 
    "__v" : NumberInt(0)
}
{ 
    "_id" : ObjectId("571da188d4367766261acf38"), 
    "createdTime" : ISODate("2016-04-25T04:48:08.804+0000"), 
    "privilegeCode" : "Other", 
    "roleDescription" : "Only View Privilege", 
    "roleCode" : "user", 
    "__v" : NumberInt(0)
}
{ 
    "_id" : ObjectId("571da188d4367766261acf39"), 
    "createdTime" : ISODate("2016-04-25T04:48:08.804+0000"), 
    "privilegeCode" : "Other", 
    "roleDescription" : "Only View Privilege", 
    "roleCode" : "client", 
    "__v" : NumberInt(0)
}
{ 
    "_id" : ObjectId("571da188d4367766261acf40"), 
    "createdTime" : ISODate("2016-04-25T04:48:08.804+0000"), 
    "privilegeCode" : "Other", 
    "roleDescription" : "Only View Privilege", 
    "roleCode" : "guest", 
    "__v" : NumberInt(0)
}
