{ 
    "_id" : ObjectId("5771a94681f80db01032d94d"), 
    "remarks" : "dasdsad", 
    "markDelete" : false, 
    "designation" : "SE", 
    "salary" : NumberInt(50000), 
    "employeeId" : "MIT124", 
    "employeeName" : "Santosh", 
    "depositedOn" : ISODate("2014-12-04T08:00:00.000+0000"), 
    "__v" : NumberInt(0), 
    "userId" : ObjectId("571dbbf1d4367766261acf40")
}
{ 
    "_id" : ObjectId("5771a95f81f80db01032d94e"), 
    "remarks" : "dasdsa", 
    "markDelete" : false, 
    "designation" : "TechnicalArchitect", 
    "salary" : NumberInt(90000), 
    "employeeId" : "MIT125", 
    "employeeName" : "rajKumar", 
    "depositedOn" : ISODate("2014-12-04T08:00:00.000+0000"), 
    "__v" : NumberInt(0), 
    "userId" : ObjectId("571dbbf1d4367766261acf40")
}
{ 
    "_id" : ObjectId("5771a9b081f80db01032d94f"), 
    "remarks" : "dasda", 
    "markDelete" : false, 
    "designation" : "SE", 
    "salary" : NumberInt(50000), 
    "employeeId" : "MIT126", 
    "employeeName" : "Rakesh", 
    "depositedOn" : ISODate("2014-12-04T08:00:00.000+0000"), 
    "__v" : NumberInt(0), 
    "userId" : ObjectId("571dbbf1d4367766261acf40")
}
{ 
    "_id" : ObjectId("5771a9f081f80db01032d950"), 
    "remarks" : "dasda", 
    "markDelete" : false, 
    "designation" : "SE", 
    "salary" : NumberInt(50000), 
    "employeeId" : "MIT127", 
    "employeeName" : "Pankaj", 
    "depositedOn" : ISODate("2014-12-04T08:00:00.000+0000"), 
    "__v" : NumberInt(0), 
    "userId" : ObjectId("571dbbf1d4367766261acf40")
}
{ 
    "_id" : ObjectId("5771a9f681f80db01032d951"), 
    "remarks" : "dasda", 
    "markDelete" : false, 
    "designation" : "SE", 
    "salary" : NumberInt(50000), 
    "employeeId" : "MIT128", 
    "employeeName" : "David", 
    "depositedOn" : ISODate("2014-12-04T08:00:00.000+0000"), 
    "__v" : NumberInt(0), 
    "userId" : ObjectId("571dbbf1d4367766261acf40")
}
{ 
    "_id" : ObjectId("5771aa0181f80db01032d952"), 
    "remarks" : "dasda", 
    "markDelete" : false, 
    "designation" : "SSE", 
    "salary" : NumberInt(40000), 
    "employeeId" : "MIT132", 
    "employeeName" : "Sanjay", 
    "depositedOn" : ISODate("2014-12-04T08:00:00.000+0000"), 
    "__v" : NumberInt(0), 
    "userId" : ObjectId("571dbbf1d4367766261acf40")
}
{ 
    "_id" : ObjectId("5778980ac759cf2c19323840"), 
    "remarks" : "dasdasdadad", 
    "markDelete" : false, 
    "designation" : "Technical Architect", 
    "salary" : NumberInt(80000), 
    "employeeId" : "MIT129", 
    "employeeName" : "harish", 
    "depositedOn" : ISODate("2014-12-04T08:00:00.000+0000"), 
    "__v" : NumberInt(0), 
    "userId" : ObjectId("571dbbf1d4367766261acf40")
}
{ 
    "_id" : ObjectId("57789819c759cf2c19323841"), 
    "remarks" : "dasdasdadad", 
    "markDelete" : false, 
    "designation" : "Technical Architect", 
    "salary" : NumberInt(80000), 
    "employeeId" : "MIT130", 
    "employeeName" : "ramesh", 
    "depositedOn" : ISODate("2014-12-04T08:00:00.000+0000"), 
    "__v" : NumberInt(0), 
    "userId" : ObjectId("571dbbf1d4367766261acf40")
}
{ 
    "_id" : ObjectId("57789828c759cf2c19323842"), 
    "remarks" : "dasdasdadad", 
    "markDelete" : false, 
    "designation" : "Technical Architect", 
    "salary" : NumberInt(80000), 
    "employeeId" : "MIT140", 
    "employeeName" : "suresh", 
    "depositedOn" : ISODate("2014-12-04T08:00:00.000+0000"), 
    "__v" : NumberInt(0), 
    "userId" : ObjectId("571dbbf1d4367766261acf40")
}
{ 
    "_id" : ObjectId("57789830c759cf2c19323843"), 
    "remarks" : "dasdasdadad", 
    "markDelete" : false, 
    "designation" : "Technical Architect", 
    "salary" : NumberInt(80000), 
    "employeeId" : "MIT141", 
    "employeeName" : "uthaiya", 
    "depositedOn" : ISODate("2014-12-04T08:00:00.000+0000"), 
    "__v" : NumberInt(0), 
    "userId" : ObjectId("571dbbf1d4367766261acf40")
}
{ 
    "_id" : ObjectId("577b5885366549041b085602"), 
    "remarks" : "dasdasda", 
    "markDelete" : false, 
    "designation" : "SE", 
    "salary" : NumberInt(80000), 
    "employeeId" : "MIT301", 
    "employeeName" : "john", 
    "depositedOn" : ISODate("2014-12-04T08:00:00.000+0000"), 
    "__v" : NumberInt(0), 
    "userId" : ObjectId("571dbbf1d4367766261acf40")
}
{ 
    "_id" : ObjectId("577b5fa44680f8041959e1e8"), 
    "remarks" : "dasdasda", 
    "markDelete" : false, 
    "designation" : "SE", 
    "salary" : NumberInt(80000), 
    "employeeId" : "MIT302", 
    "employeeName" : "stanley", 
    "depositedOn" : ISODate("2014-12-04T08:00:00.000+0000"), 
    "__v" : NumberInt(0), 
    "userId" : ObjectId("571dbbf1d4367766261acf40")
}
{ 
    "_id" : ObjectId("577b606936b03c281a4fa623"), 
    "remarks" : "dasdasda", 
    "markDelete" : false, 
    "designation" : "SE", 
    "salary" : NumberInt(80000), 
    "employeeId" : "MIT303", 
    "employeeName" : "subro", 
    "depositedOn" : ISODate("2014-12-04T08:00:00.000+0000"), 
    "__v" : NumberInt(0), 
    "userId" : ObjectId("571dbbf1d4367766261acf40")
}
{ 
    "_id" : ObjectId("577b63a5f402613c0556ee77"), 
    "remarks" : "dasdasda", 
    "markDelete" : false, 
    "designation" : "SE", 
    "salary" : NumberInt(80000), 
    "employeeId" : "MIT304", 
    "employeeName" : "shyam", 
    "depositedOn" : ISODate("2014-12-04T08:00:00.000+0000"), 
    "__v" : NumberInt(0), 
    "userId" : ObjectId("571dbbf1d4367766261acf40")
}
{ 
    "_id" : ObjectId("577b6491dc0ecf8c1bcf899b"), 
    "remarks" : "dasdasda", 
    "userId" : ObjectId("571dbbf1d4367766261acf40"), 
    "markDelete" : false, 
    "designation" : "SE", 
    "salary" : NumberInt(80000), 
    "employeeId" : "MIT305", 
    "employeeName" : "khader", 
    "depositedOn" : ISODate("2014-12-04T08:00:00.000+0000"), 
    "__v" : NumberInt(0)
}
{ 
    "_id" : ObjectId("577b64c88e67ba8406348a8a"), 
    "remarks" : "dasdasda", 
    "userId" : ObjectId("571dbbf1d4367766261acf40"), 
    "markDelete" : false, 
    "designation" : "SE", 
    "salary" : NumberInt(80000), 
    "employeeId" : "MIT306", 
    "employeeName" : "mohan", 
    "depositedOn" : ISODate("2014-12-04T08:00:00.000+0000"), 
    "__v" : NumberInt(0)
}
{ 
    "_id" : ObjectId("577b67804c12f9d81a8b8776"), 
    "remarks" : "dasdasda", 
    "userId" : ObjectId("571dbbf1d4367766261acf40"), 
    "markDelete" : false, 
    "designation" : "SE", 
    "salary" : NumberInt(80000), 
    "employeeId" : "MIT307", 
    "employeeName" : "thyagu", 
    "depositedOn" : ISODate("2014-12-04T08:00:00.000+0000"), 
    "__v" : NumberInt(0)
}
{ 
    "_id" : ObjectId("577b67814c12f9d81a8b8777"), 
    "remarks" : "dasdasda", 
    "userId" : ObjectId("571dbbf1d4367766261acf40"), 
    "markDelete" : false, 
    "designation" : "SE", 
    "salary" : NumberInt(80000), 
    "employeeId" : "MIT308", 
    "employeeName" : "kala", 
    "depositedOn" : ISODate("2014-12-04T08:00:00.000+0000"), 
    "__v" : NumberInt(0)
}
{ 
    "_id" : ObjectId("577b67824c12f9d81a8b8778"), 
    "remarks" : "dasdasda", 
    "userId" : ObjectId("571dbbf1d4367766261acf40"), 
    "markDelete" : false, 
    "designation" : "SE", 
    "salary" : NumberInt(80000), 
    "employeeId" : "MIT309", 
    "employeeName" : "parmeswari", 
    "depositedOn" : ISODate("2014-12-04T08:00:00.000+0000"), 
    "__v" : NumberInt(0)
}
{ 
    "_id" : ObjectId("577b67834c12f9d81a8b8779"), 
    "remarks" : "dasdasda", 
    "userId" : ObjectId("571dbbf1d4367766261acf40"), 
    "markDelete" : false, 
    "designation" : "SE", 
    "salary" : NumberInt(80000), 
    "employeeId" : "MIT310", 
    "employeeName" : "santosh", 
    "depositedOn" : ISODate("2014-12-04T08:00:00.000+0000"), 
    "__v" : NumberInt(0)
}
{ 
    "_id" : ObjectId("577b67834c12f9d81a8b877a"), 
    "remarks" : "dasdasda", 
    "userId" : ObjectId("571dbbf1d4367766261acf40"), 
    "markDelete" : false, 
    "designation" : "SE", 
    "salary" : NumberInt(80000), 
    "employeeId" : "MIT311", 
    "employeeName" : "santosh", 
    "depositedOn" : ISODate("2014-12-04T08:00:00.000+0000"), 
    "__v" : NumberInt(0)
}
{ 
    "_id" : ObjectId("577b67844c12f9d81a8b877b"), 
    "remarks" : "dasdasda", 
    "userId" : ObjectId("571dbbf1d4367766261acf40"), 
    "markDelete" : false, 
    "designation" : "SE", 
    "salary" : NumberInt(80000), 
    "employeeId" : "MIT312", 
    "employeeName" : "santosh", 
    "depositedOn" : ISODate("2014-12-04T08:00:00.000+0000"), 
    "__v" : NumberInt(0)
}
{ 
    "_id" : ObjectId("577b67844c12f9d81a8b877c"), 
    "remarks" : "dasdasda", 
    "userId" : ObjectId("571dbbf1d4367766261acf40"), 
    "markDelete" : false, 
    "designation" : "SE", 
    "salary" : NumberInt(80000), 
    "employeeId" : "MIT313", 
    "employeeName" : "santosh", 
    "depositedOn" : ISODate("2014-12-04T08:00:00.000+0000"), 
    "__v" : NumberInt(0)
}
{ 
    "_id" : ObjectId("577b67844c12f9d81a8b877d"), 
    "remarks" : "dasdasda", 
    "userId" : ObjectId("571dbbf1d4367766261acf40"), 
    "markDelete" : false, 
    "designation" : "SE", 
    "salary" : NumberInt(80000), 
    "employeeId" : "MIT314", 
    "employeeName" : "santosh", 
    "depositedOn" : ISODate("2014-12-04T08:00:00.000+0000"), 
    "__v" : NumberInt(0)
}
{ 
    "_id" : ObjectId("577b67854c12f9d81a8b877e"), 
    "remarks" : "dasdasda", 
    "userId" : ObjectId("571dbbf1d4367766261acf40"), 
    "markDelete" : false, 
    "designation" : "SE", 
    "salary" : NumberInt(80000), 
    "employeeId" : "MIT315", 
    "employeeName" : "santosh", 
    "depositedOn" : ISODate("2014-12-04T08:00:00.000+0000"), 
    "__v" : NumberInt(0)
}
{ 
    "_id" : ObjectId("577b67854c12f9d81a8b877f"), 
    "remarks" : "dasdasda", 
    "userId" : ObjectId("571dbbf1d4367766261acf40"), 
    "markDelete" : false, 
    "designation" : "SE", 
    "salary" : NumberInt(80000), 
    "employeeId" : "MIT300", 
    "employeeName" : "santosh", 
    "depositedOn" : ISODate("2014-12-04T08:00:00.000+0000"), 
    "__v" : NumberInt(0)
}
{ 
    "_id" : ObjectId("5791e880684f677590fe7677"), 
    "employeeId" : "MIT301", 
    "userId" : ObjectId("5734550667348ea01467aa05")
}
{ 
    "_id" : ObjectId("5791e8d2684f677590fe7678"), 
    "employeeId" : "MIT301", 
    "userId" : ObjectId("571dbbf1d4367766261acf40")
}
