{ 
    "_id" : ObjectId("5790a72fe9c19b8160a5b003"), 
    "name" : "DMU"
}
{ 
    "_id" : ObjectId("5790a72fe9c19b8160a5b004"), 
    "name" : "DRNT"
}
{ 
    "_id" : ObjectId("5790a72fe9c19b8160a5b005"), 
    "name" : "EMU"
}
{ 
    "_id" : ObjectId("5790a72fe9c19b8160a5b006"), 
    "name" : "GBR"
}
{ 
    "_id" : ObjectId("5790a72fe9c19b8160a5b007"), 
    "name" : "HSP"
}
{ 
    "_id" : ObjectId("5790a72fe9c19b8160a5b008"), 
    "name" : "JSH"
}
{ 
    "_id" : ObjectId("5790a72fe9c19b8160a5b009"), 
    "name" : "MEMU"
}
{ 
    "_id" : ObjectId("5790a72fe9c19b8160a5b00a"), 
    "name" : "MEX"
}
{ 
    "_id" : ObjectId("5790a72fe9c19b8160a5b00b"), 
    "name" : "PAS"
}
{ 
    "_id" : ObjectId("5790a72fe9c19b8160a5b00c"), 
    "name" : "PRUM"
}
{ 
    "_id" : ObjectId("5790a72fe9c19b8160a5b00d"), 
    "name" : "RAJ"
}
{ 
    "_id" : ObjectId("5790a72fe9c19b8160a5b00e"), 
    "name" : "RBUS"
}
{ 
    "_id" : ObjectId("5790a72fe9c19b8160a5b00f"), 
    "name" : "SHT"
}
{ 
    "_id" : ObjectId("5790a72fe9c19b8160a5b010"), 
    "name" : "SUB"
}
{ 
    "_id" : ObjectId("5790a72fe9c19b8160a5b011"), 
    "name" : "SUF"
}
{ 
    "_id" : ObjectId("5790a72fe9c19b8160a5b012"), 
    "name" : "SUVD"
}
