{ 
    "_id" : ObjectId("572b1528f2c1ae7418e831d0"), 
    "trainNo" : NumberInt(84370), 
    "startDay" : NumberInt(0), 
    "departureDay" : NumberInt(0), 
    "departureTime" : "11:55", 
    "arrivalDay" : NumberInt(0), 
    "arrivalTime" : "18:21", 
    "locoType" : "Electric", 
    "departureMinutes" : NumberInt(715), 
    "arrivalMinutes" : NumberInt(1101), 
    "departureDateTime" : ISODate("2012-01-01T11:55:00.000+0000"), 
    "arrivalDateTime" : ISODate("2012-01-01T18:21:00.000+0000"), 
    "fromStation" : "BE", 
    "toStation" : "LMN", 
    "distance" : NumberInt(333), 
    "preSectionFrom" : "", 
    "nextSectionTo" : "", 
    "distanceFromSource" : null, 
    "distanceFromPreSectionFrom" : null, 
    "distanceFromPreInspection" : null, 
    "distanceToNextSectionTo" : null, 
    "distanceToNextInspection" : null, 
    "distanceToDestination" : null, 
    "durationFromSource" : null, 
    "durationFromPreSectionFrom" : null, 
    "durationFromPreInspection" : null, 
    "durationToNextSectionTo" : null, 
    "durationToNextInspection" : null, 
    "durationToDestination" : null, 
    "userPlanId" : ObjectId("5721c0769c8031980d80687e"), 
    "duration" : NumberInt(386), 
    "createTime" : ISODate("2016-05-05T09:40:56.473+0000"), 
    "__v" : NumberInt(0)
}
{ 
    "_id" : ObjectId("572b1528f2c1ae7418e831d1"), 
    "trainNo" : NumberInt(84370), 
    "startDay" : NumberInt(0), 
    "departureDay" : NumberInt(0), 
    "departureTime" : "18:22", 
    "arrivalDay" : NumberInt(0), 
    "arrivalTime" : "20:55", 
    "locoType" : "Diesel", 
    "departureMinutes" : NumberInt(1102), 
    "arrivalMinutes" : NumberInt(1255), 
    "departureDateTime" : ISODate("2012-01-01T18:22:00.000+0000"), 
    "arrivalDateTime" : ISODate("2012-01-01T20:55:00.000+0000"), 
    "fromStation" : "LMN", 
    "toStation" : "ALD", 
    "distance" : NumberInt(102), 
    "preSectionFrom" : "", 
    "nextSectionTo" : "", 
    "distanceFromSource" : null, 
    "distanceFromPreSectionFrom" : null, 
    "distanceFromPreInspection" : null, 
    "distanceToNextSectionTo" : null, 
    "distanceToNextInspection" : null, 
    "distanceToDestination" : null, 
    "durationFromSource" : null, 
    "durationFromPreSectionFrom" : null, 
    "durationFromPreInspection" : null, 
    "durationToNextSectionTo" : null, 
    "durationToNextInspection" : null, 
    "durationToDestination" : null, 
    "userPlanId" : ObjectId("5721c0769c8031980d80687e"), 
    "duration" : NumberInt(153), 
    "createTime" : ISODate("2016-05-05T09:40:56.475+0000"), 
    "__v" : NumberInt(0)
}
{ 
    "_id" : ObjectId("572b1528f2c1ae7418e831d2"), 
    "trainNo" : NumberInt(84370), 
    "startDay" : NumberInt(0), 
    "departureDay" : NumberInt(0), 
    "departureTime" : "21:20", 
    "arrivalDay" : NumberInt(1), 
    "arrivalTime" : "4:28", 
    "locoType" : "Electric", 
    "departureMinutes" : NumberInt(1280), 
    "arrivalMinutes" : NumberInt(1708), 
    "departureDateTime" : ISODate("2012-01-01T21:20:00.000+0000"), 
    "arrivalDateTime" : ISODate("2012-01-02T04:28:00.000+0000"), 
    "fromStation" : "ALD", 
    "toStation" : "AGY", 
    "distance" : NumberInt(214), 
    "preSectionFrom" : "", 
    "nextSectionTo" : "", 
    "distanceFromSource" : null, 
    "distanceFromPreSectionFrom" : null, 
    "distanceFromPreInspection" : null, 
    "distanceToNextSectionTo" : null, 
    "distanceToNextInspection" : null, 
    "distanceToDestination" : null, 
    "durationFromSource" : null, 
    "durationFromPreSectionFrom" : null, 
    "durationFromPreInspection" : null, 
    "durationToNextSectionTo" : null, 
    "durationToNextInspection" : null, 
    "durationToDestination" : null, 
    "userPlanId" : ObjectId("5721c0769c8031980d80687e"), 
    "duration" : NumberInt(428), 
    "createTime" : ISODate("2016-05-05T09:40:56.477+0000"), 
    "__v" : NumberInt(0)
}
{ 
    "_id" : ObjectId("572b1528f2c1ae7418e831d3"), 
    "trainNo" : NumberInt(84370), 
    "startDay" : NumberInt(1), 
    "departureDay" : NumberInt(1), 
    "departureTime" : "4:30", 
    "arrivalDay" : NumberInt(1), 
    "arrivalTime" : "10:45", 
    "locoType" : "Diesel", 
    "departureMinutes" : NumberInt(1710), 
    "arrivalMinutes" : NumberInt(2085), 
    "departureDateTime" : ISODate("2012-01-02T04:30:00.000+0000"), 
    "arrivalDateTime" : ISODate("2012-01-02T10:45:00.000+0000"), 
    "fromStation" : "AGY", 
    "toStation" : "BRWD", 
    "distance" : NumberInt(212), 
    "preSectionFrom" : "", 
    "nextSectionTo" : "", 
    "distanceFromSource" : null, 
    "distanceFromPreSectionFrom" : null, 
    "distanceFromPreInspection" : null, 
    "distanceToNextSectionTo" : null, 
    "distanceToNextInspection" : null, 
    "distanceToDestination" : null, 
    "durationFromSource" : null, 
    "durationFromPreSectionFrom" : null, 
    "durationFromPreInspection" : null, 
    "durationToNextSectionTo" : null, 
    "durationToNextInspection" : null, 
    "durationToDestination" : null, 
    "userPlanId" : ObjectId("5721c0769c8031980d80687e"), 
    "duration" : NumberInt(375), 
    "createTime" : ISODate("2016-05-05T09:40:56.478+0000"), 
    "__v" : NumberInt(0)
}
