{ 
    "_id" : ObjectId("571dbbf1d4367766261acf40"), 
    "userName" : "anurag", 
    "firstName" : "Anurag", 
    "lastName" : "Sharma", 
    "password" : "d77d2953c546cb33e2d0bff4989f6aa2", 
    "email" : "anurag@gmail.com", 
    "createdTime" : ISODate("2016-04-25T06:40:49.851+0000"), 
    "roleCode" : "admin", 
    "__v" : NumberInt(0), 
    "markDelete" : true, 
    "mobileNo" : 7406465159.0, 
    "address" : "bangalore", 
    "userActive" : true
}
{ 
    "_id" : ObjectId("5734550667348ea01467aa05"), 
    "userName" : "c1", 
    "firstName" : "santosh", 
    "lastName" : "sahu", 
    "password" : "e10adc3949ba59abbe56e057f20f883e", 
    "email" : "c1@gmail.com", 
    "createdTime" : ISODate("2016-05-12T10:03:50.248+0000"), 
    "markDelete" : true, 
    "roleCode" : "Planner", 
    "__v" : NumberInt(0), 
    "mobileNo" : 7406465159.0, 
    "address" : "bangalore", 
    "userActive" : true
}
{ 
    "_id" : ObjectId("5734551267348ea01467aa06"), 
    "userName" : "c2", 
    "firstName" : "c2", 
    "lastName" : "c2", 
    "password" : "e10adc3949ba59abbe56e057f20f883e", 
    "email" : "c2@gmail.com", 
    "createdTime" : ISODate("2016-05-12T10:04:02.270+0000"), 
    "markDelete" : true, 
    "roleCode" : "Planner", 
    "__v" : NumberInt(0), 
    "mobileNo" : 7406465159.0, 
    "address" : "bangalore", 
    "userActive" : true
}
{ 
    "_id" : ObjectId("5734551c67348ea01467aa07"), 
    "userName" : "c3", 
    "firstName" : "c3", 
    "lastName" : "c3", 
    "password" : "e10adc3949ba59abbe56e057f20f883e", 
    "email" : "c3@gmail.com", 
    "createdTime" : ISODate("2016-05-12T10:04:12.690+0000"), 
    "markDelete" : true, 
    "roleCode" : "Planner", 
    "__v" : NumberInt(0), 
    "mobileNo" : 7406465159.0, 
    "address" : "bangalore", 
    "userActive" : true
}
{ 
    "_id" : ObjectId("5734552567348ea01467aa08"), 
    "userName" : "c4", 
    "firstName" : "c4", 
    "lastName" : "c4", 
    "password" : "e10adc3949ba59abbe56e057f20f883e", 
    "email" : "c4@gmail.com", 
    "createdTime" : ISODate("2016-05-12T10:04:21.985+0000"), 
    "markDelete" : true, 
    "roleCode" : "Planner", 
    "__v" : NumberInt(0), 
    "mobileNo" : 7406465159.0, 
    "address" : "bangalore", 
    "userActive" : true
}
{ 
    "_id" : ObjectId("5734552e67348ea01467aa09"), 
    "userName" : "c5", 
    "firstName" : "c5", 
    "lastName" : "c5", 
    "password" : "e10adc3949ba59abbe56e057f20f883e", 
    "email" : "c5@gmail.com", 
    "createdTime" : ISODate("2016-05-12T10:04:30.899+0000"), 
    "markDelete" : true, 
    "roleCode" : "Planner", 
    "__v" : NumberInt(0), 
    "mobileNo" : 7406465159.0, 
    "address" : "bangalore", 
    "userActive" : true
}
{ 
    "_id" : ObjectId("5734553c67348ea01467aa0a"), 
    "userName" : "c6", 
    "firstName" : "c6", 
    "lastName" : "c6", 
    "password" : "e10adc3949ba59abbe56e057f20f883e", 
    "email" : "c6@gmail.com", 
    "createdTime" : ISODate("2016-05-12T10:04:44.643+0000"), 
    "markDelete" : true, 
    "roleCode" : "Planner", 
    "__v" : NumberInt(0), 
    "mobileNo" : 7406465159.0, 
    "address" : "bangalore", 
    "userActive" : true
}
{ 
    "_id" : ObjectId("5734554567348ea01467aa0b"), 
    "userName" : "c7", 
    "firstName" : "c7", 
    "lastName" : "c7", 
    "password" : "e10adc3949ba59abbe56e057f20f883e", 
    "email" : "c7@gmail.com", 
    "createdTime" : ISODate("2016-05-12T10:04:53.312+0000"), 
    "markDelete" : true, 
    "roleCode" : "Planner", 
    "__v" : NumberInt(0), 
    "mobileNo" : 7406465159.0, 
    "address" : "bangalore", 
    "userActive" : false
}
{ 
    "_id" : ObjectId("5734554e67348ea01467aa0c"), 
    "userName" : "c8", 
    "firstName" : "c8", 
    "lastName" : "c8", 
    "password" : "e10adc3949ba59abbe56e057f20f883e", 
    "email" : "c8@gmail.com", 
    "createdTime" : ISODate("2016-05-12T10:05:02.413+0000"), 
    "markDelete" : true, 
    "roleCode" : "Planner", 
    "__v" : NumberInt(0), 
    "mobileNo" : 7406465159.0, 
    "address" : "bangalore", 
    "userActive" : false
}
{ 
    "_id" : ObjectId("5734555867348ea01467aa0d"), 
    "userName" : "c9", 
    "firstName" : "c9", 
    "lastName" : "c9", 
    "password" : "e10adc3949ba59abbe56e057f20f883e", 
    "email" : "c9@gmail.com", 
    "createdTime" : ISODate("2016-05-12T10:05:12.719+0000"), 
    "markDelete" : true, 
    "roleCode" : "Planner", 
    "__v" : NumberInt(0), 
    "mobileNo" : 7406465159.0, 
    "address" : "bangalore", 
    "userActive" : false
}
{ 
    "_id" : ObjectId("573471e567348ea01467aa0e"), 
    "userName" : "lucky", 
    "firstName" : "laxman", 
    "lastName" : "sharma", 
    "password" : "e10adc3949ba59abbe56e057f20f883e", 
    "email" : "lux@gmail.com", 
    "createdTime" : ISODate("2016-05-12T12:07:01.072+0000"), 
    "markDelete" : true, 
    "roleCode" : "Planner", 
    "__v" : NumberInt(0), 
    "mobileNo" : 7406465159.0, 
    "address" : "bangalore", 
    "userActive" : false
}
{ 
    "_id" : ObjectId("573472ee67348ea01467aa0f"), 
    "userName" : "vivek", 
    "firstName" : "vivek", 
    "lastName" : "yadav", 
    "password" : "e10adc3949ba59abbe56e057f20f883e", 
    "email" : "vivek@gmail.com", 
    "createdTime" : ISODate("2016-05-12T12:11:26.609+0000"), 
    "markDelete" : true, 
    "roleCode" : "Planner", 
    "__v" : NumberInt(0), 
    "mobileNo" : 7406465159.0, 
    "address" : "bangalore", 
    "userActive" : false
}
{ 
    "_id" : ObjectId("5786d0d69ea848a021f02654"), 
    "password" : "$2a$10$xEwrzjjFBcofI7VKrp2Oo.lMfisywSSXsLZE9snDYKHCATv2dvzsq", 
    "userName" : "test", 
    "firstName" : "santosh", 
    "lastName" : "sahu", 
    "address" : "bangalore", 
    "email" : "santosh.citech@gmail.com", 
    "mobileNo" : 7406465159.0, 
    "createdTime" : ISODate("2016-07-13T23:37:58.189+0000"), 
    "markDelete" : false, 
    "roleCode" : "admin", 
    "userActive" : false, 
    "__v" : NumberInt(0)
}
